{
  "layer_norms": [
    6.626649076119065,
    1.8651424227282405,
    2.874036847613752,
    4.956025846302509,
    4.5454479437321424,
    4.114602210000157,
    4.869755988940597,
    5.757867919281125,
    3.20810420345515,
    6.661028202623129,
    7.844784559682012,
    19.265106417238712
  ],
  "layer_ranks": [
    6,
    2,
    3,
    4,
    4,
    4,
    4,
    5,
    3,
    6,
    7,
    16
  ],
  "prior_r_bottom": 4,
  "prior_r_middle": 4,
  "prior_r_top": 8,
  "diversity": 0.7125308533194138
}