{
  "layer_norms": [
    6.6266226805746555,
    1.8527352241799235,
    2.601524317637086,
    4.956205248832703,
    4.545336075127125,
    4.115631274878979,
    4.869903825223446,
    5.758113123476505,
    3.2082775738090277,
    6.661004524677992,
    7.916704680770636,
    19.319224499166012
  ],
  "layer_ranks": [
    6,
    2,
    2,
    4,
    4,
    4,
    4,
    5,
    3,
    6,
    7,
    16
  ],
  "prior_r_bottom": 4,
  "prior_r_middle": 4,
  "prior_r_top": 8,
  "diversity": 0.7198173121366072
}