{
  "layer_norms": [
    6.6262162663042545,
    1.854751278180629,
    2.6247554318979383,
    4.95627467520535,
    4.545275218784809,
    4.11545274220407,
    4.870023583993316,
    5.758075587451458,
    3.2084064204245806,
    6.66097666695714,
    7.964130444452167,
    19.353562854230404
  ],
  "layer_ranks": [
    6,
    2,
    2,
    4,
    4,
    4,
    4,
    5,
    3,
    6,
    7,
    16
  ],
  "prior_r_bottom": 4,
  "prior_r_middle": 4,
  "prior_r_top": 8,
  "diversity": 0.7202117752749411
}