{
  "layer_norms": [
    12.68864880874753,
    13.261982046067715,
    13.493240978568792,
    17.794891387224197,
    19.040856949985027,
    20.379215016961098,
    19.470360338687897,
    17.564878068864346,
    15.487373303622007,
    16.9730678871274,
    14.956216339021921,
    16.140859827399254
  ],
  "layer_ranks": [
    4,
    4,
    4,
    6,
    6,
    7,
    6,
    6,
    5,
    6,
    5,
    5
  ],
  "prior_r_bottom": 4,
  "prior_r_middle": 6,
  "prior_r_top": 5,
  "diversity": 0.1478792233739388
}